{
  "project_info": {
    "project_number": "1019692065812",
    "firebase_url": "https://final-project-e663d.firebaseio.com",
    "project_id": "final-project-e663d",
    "storage_bucket": "final-project-e663d.appspot.com"
  },
  "client": [
    {
      "client_info": {
        "mobilesdk_app_id": "1:1019692065812:android:2b615e188e7a479eb63301",
        "android_client_info": {
          "package_name": "com.example.finalproject"
        }
      },
      "oauth_client": [
        {
          "client_id": "1019692065812-unclg03jsdc05pouheudceourpuadlgc.apps.googleusercontent.com",
          "client_type": 1,
          "android_info": {
            "package_name": "com.example.finalproject",
            "certificate_hash": "c057fcbed49699e124e3cfcf317727f3fb7e7803"
          }
        },
        {
          "client_id": "1019692065812-v25641uffd39fqojoqc71588h4v7mcer.apps.googleusercontent.com",
          "client_type": 3
        }
      ],
      "api_key": [
        {
          "current_key": "AIzaSyC_XVpLB49ro5eZziMO-h99Tm-bTauUaaM"
        }
      ],
      "services": {
        "appinvite_service": {
          "other_platform_oauth_client": [
            {
              "client_id": "1019692065812-v25641uffd39fqojoqc71588h4v7mcer.apps.googleusercontent.com",
              "client_type": 3
            }
          ]
        }
      }
    }
  ],
  "configuration_version": "1"
}